{
  "euphoria": {
    "rehm1": {
      "torque": {
        "Q1": 4.2,
        "Q2": 3.9,
        "Q3": 3.6,
        "Q4": 3.2,
        "Q5": 2.9000000000000004,
        "Q6": 2.5700000000000003
      },
      "resistance": {
        "Q1": 3.9,
        "Q2": 3.9,
        "Q3": 3.7,
        "Q4": 3.6,
        "Q5": 3.5000000000000018,
        "Q6": 3.3900000000000023
      }
    },
    "rehm2": {
      "torque": {
        "Q1": 2.5,
        "Q2": 2.6,
        "Q3": 2.6,
        "Q4": 2.7,
        "Q5": 2.7500000000000018,
        "Q6": 2.8100000000000027
      },
      "resistance": {
        "Q1": 2.4,
        "Q2": 2.5,
        "Q3": 2.5,
        "Q4": 2.6,
        "Q5": 2.6500000000000004,
        "Q6": 2.7100000000000004
      }
    },
    "rehm3": {
      "torque": {
        "Q1": 1.9,
        "Q2": 2.2,
        "Q3": 2.6,
        "Q4": 2.9,
        "Q5": 3.2500000000000013,
        "Q6": 3.590000000000002
      },
      "resistance": {
        "Q1": 3.5,
        "Q2": 3.5,
        "Q3": 3.5,
        "Q4": 3.5,
        "Q5": 3.5,
        "Q6": 3.5
      }
    }
  },
  "ledakka": {
    "rehm1": {
      "torque": {
        "Q1": 4.0,
        "Q2": 3.8,
        "Q3": 3.6,
        "Q4": 3.4,
        "Q5": 3.2,
        "Q6": 3.0
      },
      "resistance": {
        "Q1": 4.3,
        "Q2": 4.3,
        "Q3": 4.2,
        "Q4": 4.1,
        "Q5": 4.049999999999999,
        "Q6": 3.9799999999999986
      }
    },
    "rehm2": {
      "torque": {
        "Q1": 2.6,
        "Q2": 2.5,
        "Q3": 2.5,
        "Q4": 2.5,
        "Q5": 2.4500000000000006,
        "Q6": 2.420000000000001
      },
      "resistance": {
        "Q1": 2.6,
        "Q2": 2.6,
        "Q3": 2.7,
        "Q4": 2.7,
        "Q5": 2.75,
        "Q6": 2.79
      }
    },
    "rehm3": {
      "torque": {
        "Q1": 1.1,
        "Q2": 1.2,
        "Q3": 1.3,
        "Q4": 1.4,
        "Q5": 1.5,
        "Q6": 1.6
      },
      "resistance": {
        "Q1": 1.5,
        "Q2": 1.5,
        "Q3": 1.5,
        "Q4": 1.5,
        "Q5": 1.5,
        "Q6": 1.5
      }
    }
  },
  "nihono": {
    "rehm1": {
      "torque": {
        "Q1": 4.0,
        "Q2": 4.2,
        "Q3": 4.3,
        "Q4": 4.5,
        "Q5": 4.649999999999999,
        "Q6": 4.809999999999998
      },
      "resistance": {
        "Q1": 2.2,
        "Q2": 2.4,
        "Q3": 2.5,
        "Q4": 2.7,
        "Q5": 2.8500000000000005,
        "Q6": 3.0100000000000007
      }
    },
    "rehm2": {
      "torque": {
        "Q1": 3.5,
        "Q2": 3.7,
        "Q3": 3.8,
        "Q4": 4.2,
        "Q5": 4.349999999999997,
        "Q6": 4.569999999999996
      },
      "resistance": {
        "Q1": 2.7,
        "Q2": 2.7,
        "Q3": 2.8,
        "Q4": 2.9,
        "Q5": 2.9500000000000006,
        "Q6": 3.020000000000001
      }
    },
    "rehm3": {
      "torque": {
        "Q1": 4.4,
        "Q2": 4.2,
        "Q3": 3.9,
        "Q4": 3.7,
        "Q5": 3.4499999999999957,
        "Q6": 3.2099999999999937
      },
      "resistance": {
        "Q1": 1.5,
        "Q2": 1.5,
        "Q3": 1.6,
        "Q4": 1.7,
        "Q5": 1.7500000000000007,
        "Q6": 1.820000000000001
      }
    }
  }
}