{
  "euphoria": {
    "rehm1": {
      "torque": {
        "Q1": 4.36,
        "Q2": 4.24,
        "Q3": 3.6,
        "Q4": 3.2,
        "Q5": 2.819999999999996,
        "Q6": 2.407999999999994
      },
      "resistance": {
        "Q1": 3.77,
        "Q2": 3.75,
        "Q3": 3.7,
        "Q4": 3.6,
        "Q5": 3.5650000000000026,
        "Q6": 3.509000000000004
      }
    },
    "rehm2": {
      "torque": {
        "Q1": 2.46,
        "Q2": 2.61,
        "Q3": 2.6,
        "Q4": 2.7,
        "Q5": 2.7699999999999987,
        "Q6": 2.840999999999998
      },
      "resistance": {
        "Q1": 2.32,
        "Q2": 2.51,
        "Q3": 2.5,
        "Q4": 2.6,
        "Q5": 2.6900000000000013,
        "Q6": 2.773000000000002
      }
    },
    "rehm3": {
      "torque": {
        "Q1": 1.85,
        "Q2": 2.2,
        "Q3": 2.6,
        "Q4": 2.9,
        "Q5": 3.2749999999999995,
        "Q6": 3.629999999999999
      },
      "resistance": {
        "Q1": 3.5,
        "Q2": 3.51,
        "Q3": 3.5,
        "Q4": 3.5,
        "Q5": 3.4999999999999987,
        "Q6": 3.4989999999999983
      }
    }
  },
  "ledakka": {
    "rehm1": {
      "torque": {
        "Q1": 4.03,
        "Q2": 3.84,
        "Q3": 3.6,
        "Q4": 3.4,
        "Q5": 3.184999999999998,
        "Q6": 2.971999999999997
      },
      "resistance": {
        "Q1": 4.29,
        "Q2": 4.26,
        "Q3": 4.2,
        "Q4": 4.1,
        "Q5": 4.0550000000000015,
        "Q6": 3.9920000000000018
      }
    },
    "rehm2": {
      "torque": {
        "Q1": 2.57,
        "Q2": 2.51,
        "Q3": 2.5,
        "Q4": 2.5,
        "Q5": 2.4650000000000003,
        "Q6": 2.4430000000000005
      },
      "resistance": {
        "Q1": 2.55,
        "Q2": 2.6,
        "Q3": 2.7,
        "Q4": 2.7,
        "Q5": 2.7750000000000012,
        "Q6": 2.830000000000002
      }
    },
    "rehm3": {
      "torque": {
        "Q1": 1.1,
        "Q2": 1.2,
        "Q3": 1.3,
        "Q4": 1.4,
        "Q5": 1.5,
        "Q6": 1.6
      },
      "resistance": {
        "Q1": 1.49,
        "Q2": 1.5,
        "Q3": 1.5,
        "Q4": 1.5,
        "Q5": 1.5049999999999994,
        "Q6": 1.5079999999999991
      }
    }
  },
  "nihono": {
    "rehm1": {
      "torque": {
        "Q1": 4.07,
        "Q2": 4.2,
        "Q3": 4.3,
        "Q4": 4.5,
        "Q5": 4.615,
        "Q6": 4.7540000000000004
      },
      "resistance": {
        "Q1": 2.2,
        "Q2": 2.35,
        "Q3": 2.5,
        "Q4": 2.7,
        "Q5": 2.8500000000000014,
        "Q6": 3.015000000000002
      }
    },
    "rehm2": {
      "torque": {
        "Q1": 3.52,
        "Q2": 3.73,
        "Q3": 3.8,
        "Q4": 4.2,
        "Q5": 4.34,
        "Q6": 4.551
      },
      "resistance": {
        "Q1": 2.58,
        "Q2": 2.71,
        "Q3": 2.8,
        "Q4": 2.9,
        "Q5": 3.0099999999999993,
        "Q6": 3.1149999999999993
      }
    },
    "rehm3": {
      "torque": {
        "Q1": 4.4,
        "Q2": 4.15,
        "Q3": 3.9,
        "Q4": 3.7,
        "Q5": 3.4499999999999984,
        "Q6": 3.2149999999999976
      },
      "resistance": {
        "Q1": 1.47,
        "Q2": 1.54,
        "Q3": 1.6,
        "Q4": 1.7,
        "Q5": 1.7650000000000017,
        "Q6": 1.8400000000000023
      }
    }
  }
}